{"cameraMode":{"drawMode":0,"name":"Shaded","section":"Shading Mode"},"sceneLighting":false,"audioPlay":false,"sceneViewState":{"m_AlwaysRefresh":false,"showFog":true,"showSkybox":true,"showFlares":true,"showImageEffects":true,"showParticleSystems":true,"showVisualEffectGraphs":true,"m_FxEnabled":true},"in2DMode":false,"pivot":{"x":-24.402118682861329,"y":1.7681190967559815,"z":17.35645866394043},"rotation":{"x":-0.016274655237793924,"y":0.5281111598014832,"z":-0.010218596085906029,"w":-0.8489692807197571},"size":17.721960067749025,"orthographic":false}